-- phpMyAdmin SQL Dump
-- version 5.2.1
-- https://www.phpmyadmin.net/
--
-- Host: 127.0.0.1
-- Waktu pembuatan: 13 Nov 2023 pada 01.10
-- Versi server: 10.4.28-MariaDB
-- Versi PHP: 8.0.28

SET SQL_MODE = "NO_AUTO_VALUE_ON_ZERO";
START TRANSACTION;
SET time_zone = "+00:00";


/*!40101 SET @OLD_CHARACTER_SET_CLIENT=@@CHARACTER_SET_CLIENT */;
/*!40101 SET @OLD_CHARACTER_SET_RESULTS=@@CHARACTER_SET_RESULTS */;
/*!40101 SET @OLD_COLLATION_CONNECTION=@@COLLATION_CONNECTION */;
/*!40101 SET NAMES utf8mb4 */;

--
-- Database: `modul4`
--

-- --------------------------------------------------------

--
-- Struktur dari tabel `pembeli`
--

CREATE TABLE `pembeli` (
  `id_pembeli` int(11) NOT NULL,
  `nama_depan` varchar(50) DEFAULT NULL,
  `nama_belakang` varchar(50) DEFAULT NULL,
  `alamat` varchar(50) DEFAULT NULL,
  `jenis_kelamin` enum('L','P') DEFAULT NULL,
  `tanggal_lahir` date DEFAULT NULL
) ENGINE=InnoDB DEFAULT CHARSET=utf8mb4 COLLATE=utf8mb4_general_ci;

--
-- Dumping data untuk tabel `pembeli`
--

INSERT INTO `pembeli` (`id_pembeli`, `nama_depan`, `nama_belakang`, `alamat`, `jenis_kelamin`, `tanggal_lahir`) VALUES
(1, 'John', 'Doe', 'Jl. ABC No. 123', 'L', '1990-01-15'),
(2, 'Jane', 'Smith', 'Jl. XYZ No. 456', 'P', '1988-05-20'),
(3, 'Michael', 'Johnson', '123 Main St', 'L', '1985-07-10'),
(4, 'Emily', 'Davis', '456 Elm St', 'P', '1992-03-30'),
(5, 'Robert', 'Wilson', '789 Oak St', 'L', '1983-09-25'),
(6, 'Sarah', 'Brown', '111 Pine St', 'P', '1991-12-05'),
(7, 'William', 'Taylor', '222 Cedar St', 'L', '1987-02-14'),
(8, 'Olivia', 'Martinez', '333 Birch St', 'P', '1986-06-22'),
(9, 'David', 'Lee', '444 Maple St', 'L', '1993-04-18'),
(10, 'Ava', 'Garcia', '555 Spruce St', 'P', '1994-08-08'),
(11, 'James', 'White', '666 Oak St', 'L', '1989-11-02'),
(12, 'Sophia', 'Anderson', '777 Elm St', 'P', '1984-10-11'),
(13, 'Daniel', 'Harris', '888 Pine St', 'L', '1995-07-03'),
(14, 'Olivia', 'Brown', '999 Cedar St', 'P', '1993-02-25'),
(15, 'Ethan', 'Thomas', '111 Birch St', 'L', '1990-09-17'),
(16, 'Emma', 'Jackson', '222 Maple St', 'P', '1986-03-14'),
(17, 'Logan', 'Harris', '333 Spruce St', 'L', '1984-12-09'),
(18, 'Ava', 'Williams', '444 Oak St', 'P', '1992-08-19'),
(19, 'Liam', 'Davis', '555 Elm St', 'L', '1991-06-26'),
(20, 'Mia', 'Wilson', '666 Cedar St', 'P', '1994-04-10'),
(21, 'Noah', 'Brown', '777 Pine St', 'L', '1993-01-28'),
(22, 'Isabella', 'Thomas', '888 Main St', 'P', '1988-10-02'),
(23, 'Sophia', 'Lee', '999 Birch St', 'P', '1987-04-23'),
(24, 'Mason', 'Wilson', '111 Elm St', 'L', '1985-07-29'),
(25, 'Oliver', 'Smith', '222 Oak St', 'L', '1995-03-31'),
(26, 'Emma', 'Johnson', '333 Spruce St', 'P', '1990-12-12'),
(27, 'Harper', 'Harris', '444 Cedar St', 'P', '1991-05-15'),
(28, 'Charlotte', 'Lee', '555 Maple St', 'P', '1989-09-08'),
(29, 'Liam', 'Davis', '666 Birch St', 'L', '1988-11-27'),
(30, 'Benjamin', 'Smith', '777 Elm St', 'L', '1994-02-07'),
(31, 'Amelia', 'Thomas', '888 Pine St', 'P', '1993-07-09'),
(32, 'Evelyn', 'Martinez', '999 Main St', 'P', '1992-08-21'),
(33, 'Mia', 'Jones', '111 Cedar St', 'P', '1991-06-29'),
(34, 'William', 'Wilson', '222 Birch St', 'L', '1990-05-24'),
(35, 'Abigail', 'Smith', '333 Elm St', 'P', '1987-03-26'),
(36, 'Henry', 'Brown', '444 Spruce St', 'L', '1986-10-03'),
(37, 'Oliver', 'Davis', '555 Cedar St', 'L', '1993-04-15'),
(38, 'Ella', 'Martin', '666 Oak St', 'P', '1994-09-26'),
(39, 'Sofia', 'White', '777 Pine St', 'P', '1995-01-19'),
(40, 'Samuel', 'Garcia', '888 Main St', 'L', '1989-02-14'),
(41, 'Ava', 'Wilson', '999 Maple St', 'P', '1988-06-05'),
(42, 'Lucas', 'Harris', '111 Elm St', 'L', '1992-03-21'),
(43, 'Jackson', 'Taylor', '222 Cedar St', 'L', '1991-08-14'),
(44, 'Scarlett', 'Smith', '333 Oak St', 'P', '1987-12-19'),
(45, 'Sophia', 'Brown', '444 Elm St', 'P', '1990-07-26'),
(46, 'Liam', 'Anderson', '555 Pine St', 'L', '1989-09-30'),
(47, 'Aiden', 'Thomas', '666 Birch St', 'L', '1993-02-18'),
(48, 'Madison', 'Garcia', '777 Spruce St', 'P', '1986-06-22'),
(49, 'Ava', 'Martinez', '888 Cedar St', 'P', '1988-04-07'),
(50, 'Lily', 'White', '999 Birch St', 'P', '1991-05-30'),
(51, 'James', 'Harris', '111 Cedar St', 'L', '1994-10-28'),
(52, 'Liam', 'Smith', '222 Elm St', 'L', '1990-11-09'),
(53, 'Olivia', 'Wilson', '333 Pine St', 'P', '1993-03-12'),
(54, 'Sophia', 'Jones', '444 Oak St', 'P', '1992-08-25'),
(55, 'Jackson', 'Davis', '555 Main St', 'L', '1985-12-23'),
(56, 'Emma', 'Anderson', '666 Birch St', 'P', '1991-10-20'),
(57, 'Elijah', 'Smith', '777 Elm St', 'L', '1986-02-15'),
(58, 'Ava', 'Davis', '888 Pine St', 'P', '1989-04-17'),
(59, 'Aiden', 'Brown', '999 Cedar St', 'L', '1987-08-19'),
(60, 'Olivia', 'Smith', '111 Birch St', 'P', '1990-09-21'),
(61, 'Charlotte', 'Thomas', '222 Elm St', 'P', '1992-06-14'),
(62, 'Amelia', 'Jones', '333 Cedar St', 'P', '1988-01-25'),
(63, 'Mason', 'Taylor', '444 Main St', 'L', '1986-11-26'),
(64, 'Sophia', 'Wilson', '555 Pine St', 'P', '1994-03-27'),
(65, 'Ella', 'Anderson', '666 Oak St', 'P', '1987-07-13'),
(66, 'Oliver', 'Smith', '777 Elm St', 'L', '1995-05-02'),
(67, 'Liam', 'Thomas', '888 Cedar St', 'L', '1989-09-05'),
(68, 'Sofia', 'Davis', '999 Birch St', 'P', '1993-10-11'),
(69, 'Mia', 'Brown', '111 Elm St', 'P', '1990-04-14'),
(70, 'Noah', 'Martinez', '222 Spruce St', 'L', '1992-06-30'),
(71, 'Ava', 'Johnson', '333 Cedar St', 'P', '1985-03-21'),
(72, 'Evelyn', 'White', '444 Elm St', 'P', '1986-08-18'),
(73, 'Ethan', 'Garcia', '555 Pine St', 'L', '1987-02-09'),
(74, 'William', 'Smith', '666 Main St', 'L', '1994-05-19'),
(75, 'Abigail', 'Jones', '777 Oak St', 'P', '1995-01-10'),
(76, 'Henry', 'Brown', '888 Elm St', 'L', '1990-09-28'),
(77, 'Liam', 'Taylor', '999 Cedar St', 'L', '1988-04-06'),
(78, 'Sophia', 'Smith', '111 Birch St', 'P', '1992-02-16'),
(79, 'Oliver', 'Davis', '222 Pine St', 'L', '1991-12-20'),
(80, 'Ella', 'White', '333 Spruce St', 'P', '1994-03-13'),
(81, 'Elijah', 'Thomas', '444 Oak St', 'L', '1993-11-30'),
(82, 'Isabella', 'Smith', '555 Elm St', 'P', '1989-06-14'),
(83, 'Mia', 'Wilson', '666 Cedar St', 'P', '1987-10-09');

-- --------------------------------------------------------

--
-- Struktur dari tabel `pembelian`
--

CREATE TABLE `pembelian` (
  `id_pembelian` int(11) NOT NULL,
  `pembeli_id` int(11) DEFAULT NULL,
  `produk_id` int(11) DEFAULT NULL,
  `jumlah_pembelian` int(11) DEFAULT NULL,
  `tanggal_pembelian` date DEFAULT NULL,
  `penjual_id` int(11) DEFAULT NULL
) ENGINE=InnoDB DEFAULT CHARSET=utf8mb4 COLLATE=utf8mb4_general_ci;

--
-- Dumping data untuk tabel `pembelian`
--

INSERT INTO `pembelian` (`id_pembelian`, `pembeli_id`, `produk_id`, `jumlah_pembelian`, `tanggal_pembelian`, `penjual_id`) VALUES
(1, 35, 5, 19, '2023-11-03', 2),
(2, 41, 30, 15, '2023-11-08', 21),
(3, 38, 10, 5, '2023-11-11', 9),
(4, 66, 18, 11, '2023-10-16', 18),
(5, 23, 28, 7, '2023-10-23', 13),
(6, 75, 12, 16, '2023-10-15', 20),
(7, 21, 24, 1, '2023-10-14', 9),
(8, 57, 29, 23, '2023-10-26', 10),
(9, 5, 10, 2, '2023-10-24', 8),
(10, 3, 20, 22, '2023-10-20', 16),
(11, 83, 30, 8, '2023-10-28', 20),
(12, 13, 20, 19, '2023-11-06', 30),
(13, 21, 27, 2, '2023-10-20', 11),
(14, 17, 27, 4, '2023-10-31', 7),
(15, 30, 20, 1, '2023-10-18', 21),
(16, 41, 13, 8, '2023-10-31', 11),
(17, 2, 30, 10, '2023-11-12', 6),
(18, 50, 12, 12, '2023-10-22', 8),
(19, 70, 25, 16, '2023-10-17', 2),
(20, 53, 4, 13, '2023-10-25', 13),
(21, 69, 18, 13, '2023-10-30', 1),
(22, 63, 22, 24, '2023-11-02', 29),
(23, 44, 10, 1, '2023-11-12', 17),
(24, 10, 14, 23, '2023-10-29', 28),
(25, 12, 14, 7, '2023-10-23', 24),
(26, 14, 22, 2, '2023-10-23', 15),
(27, 51, 4, 24, '2023-10-31', 19),
(28, 13, 2, 19, '2023-11-02', 25),
(29, 9, 20, 4, '2023-11-04', 4),
(30, 67, 9, 24, '2023-11-02', 24),
(31, 59, 6, 6, '2023-10-15', 4),
(32, 40, 18, 6, '2023-10-14', 16),
(33, 13, 3, 4, '2023-10-31', 1),
(34, 23, 27, 5, '2023-11-10', 8),
(35, 44, 23, 5, '2023-11-08', 1),
(36, 23, 22, 11, '2023-11-12', 25),
(37, 25, 20, 9, '2023-11-05', 11),
(38, 2, 10, 25, '2023-11-11', 13),
(39, 48, 21, 16, '2023-10-15', 30),
(40, 41, 17, 8, '2023-10-30', 10),
(41, 21, 8, 7, '2023-10-20', 27),
(42, 47, 29, 4, '2023-11-03', 28),
(43, 20, 25, 23, '2023-10-26', 13),
(44, 44, 28, 22, '2023-10-22', 7),
(45, 32, 9, 23, '2023-10-25', 25),
(46, 34, 9, 8, '2023-10-28', 8),
(47, 58, 7, 24, '2023-11-03', 17),
(48, 24, 23, 12, '2023-10-21', 2),
(49, 40, 24, 13, '2023-10-27', 28),
(50, 73, 27, 4, '2023-10-30', 23),
(51, 21, 25, 3, '2023-10-24', 29),
(52, 59, 21, 14, '2023-11-03', 24),
(53, 74, 1, 6, '2023-10-14', 23),
(54, 33, 24, 13, '2023-10-29', 16),
(55, 71, 7, 1, '2023-10-17', 19),
(56, 14, 4, 8, '2023-10-29', 5),
(57, 53, 29, 5, '2023-11-10', 4),
(58, 58, 14, 14, '2023-11-02', 25),
(59, 71, 4, 22, '2023-10-18', 19),
(60, 72, 14, 17, '2023-10-19', 17),
(61, 61, 25, 8, '2023-10-29', 3),
(62, 80, 10, 1, '2023-11-11', 9),
(63, 37, 4, 20, '2023-11-05', 30),
(64, 42, 14, 25, '2023-11-10', 5),
(65, 69, 13, 5, '2023-11-05', 9),
(66, 76, 20, 7, '2023-10-20', 6),
(67, 77, 24, 1, '2023-10-14', 24),
(68, 4, 22, 6, '2023-11-12', 3),
(69, 35, 19, 10, '2023-11-07', 30),
(70, 16, 27, 21, '2023-10-14', 16),
(71, 3, 26, 23, '2023-10-25', 2),
(72, 24, 3, 4, '2023-11-02', 6),
(73, 61, 8, 22, '2023-10-21', 26),
(74, 53, 28, 16, '2023-11-12', 23),
(75, 55, 11, 18, '2023-10-24', 28),
(76, 8, 15, 14, '2023-11-03', 2),
(77, 20, 2, 6, '2023-11-12', 1),
(78, 26, 7, 1, '2023-10-15', 1),
(79, 72, 1, 22, '2023-10-19', 14),
(80, 55, 14, 8, '2023-10-23', 12),
(81, 6, 15, 9, '2023-11-01', 15),
(82, 20, 5, 4, '2023-10-30', 11),
(83, 61, 20, 9, '2023-11-03', 21),
(84, 34, 13, 1, '2023-10-15', 3),
(85, 37, 24, 9, '2023-10-30', 10),
(86, 54, 20, 25, '2023-11-06', 25),
(87, 74, 27, 10, '2023-11-07', 20),
(88, 70, 19, 20, '2023-11-05', 10),
(89, 60, 6, 24, '2023-11-03', 22),
(90, 28, 18, 23, '2023-10-23', 3),
(91, 16, 25, 4, '2023-10-30', 23),
(92, 36, 2, 13, '2023-10-24', 30),
(93, 64, 29, 21, '2023-11-11', 2),
(94, 28, 14, 23, '2023-10-26', 8),
(95, 45, 15, 24, '2023-10-29', 4),
(96, 70, 21, 2, '2023-10-20', 14),
(97, 69, 11, 7, '2023-10-19', 9),
(98, 75, 20, 4, '2023-10-29', 24),
(99, 54, 28, 11, '2023-11-11', 1),
(100, 3, 16, 22, '2023-10-22', 26),
(101, 6, 10, 15, '2023-11-04', 16),
(102, 1, 1, 9, '2023-11-02', 15),
(103, 67, 7, 10, '2023-11-07', 20),
(104, 54, 25, 22, '2023-10-22', 28),
(105, 12, 13, 6, '2023-11-10', 7),
(106, 47, 7, 8, '2023-10-24', 2),
(107, 55, 25, 6, '2023-10-15', 7),
(108, 83, 3, 19, '2023-10-28', 29),
(109, 61, 18, 21, '2023-10-15', 14),
(110, 77, 19, 15, '2023-11-03', 27),
(111, 83, 20, 18, '2023-10-23', 2),
(112, 59, 30, 2, '2023-10-20', 6),
(113, 60, 21, 25, '2023-11-09', 7),
(114, 52, 1, 16, '2023-11-11', 21),
(115, 5, 21, 22, '2023-10-20', 30),
(116, 14, 12, 14, '2023-10-28', 20),
(117, 39, 13, 4, '2023-10-31', 1),
(118, 41, 6, 1, '2023-10-14', 24),
(119, 53, 10, 2, '2023-10-19', 22),
(120, 75, 9, 9, '2023-10-29', 2),
(121, 2, 1, 8, '2023-10-24', 13),
(122, 39, 24, 21, '2023-10-14', 20),
(123, 64, 14, 4, '2023-11-02', 4),
(124, 44, 21, 20, '2023-11-06', 28),
(125, 2, 4, 25, '2023-11-03', 19),
(126, 28, 29, 1, '2023-11-09', 19),
(127, 62, 19, 21, '2023-11-11', 3),
(128, 3, 2, 18, '2023-10-22', 3),
(129, 77, 18, 17, '2023-10-20', 8),
(130, 59, 14, 20, '2023-11-07', 4),
(131, 38, 5, 23, '2023-10-26', 25),
(132, 23, 11, 3, '2023-10-24', 9),
(133, 1, 12, 13, '2023-10-22', 13),
(134, 9, 29, 2, '2023-10-18', 9),
(135, 68, 14, 21, '2023-11-08', 28),
(136, 48, 28, 22, '2023-10-21', 21),
(137, 4, 10, 6, '2023-11-10', 30),
(138, 71, 17, 10, '2023-11-02', 26),
(139, 77, 9, 22, '2023-10-19', 17),
(140, 30, 16, 12, '2023-10-17', 3),
(141, 81, 14, 22, '2023-10-19', 25),
(142, 70, 17, 2, '2023-10-19', 9),
(143, 11, 10, 3, '2023-10-24', 18),
(144, 8, 14, 14, '2023-10-29', 1),
(145, 81, 18, 6, '2023-11-08', 21),
(146, 65, 22, 25, '2023-11-07', 19),
(147, 8, 11, 1, '2023-11-12', 15),
(148, 35, 16, 14, '2023-10-31', 29),
(149, 75, 29, 4, '2023-10-27', 22),
(150, 75, 7, 3, '2023-10-25', 25),
(151, 7, 25, 8, '2023-10-24', 20),
(152, 35, 12, 15, '2023-11-05', 26),
(153, 57, 26, 10, '2023-11-06', 23),
(154, 27, 8, 12, '2023-10-18', 19),
(155, 62, 10, 7, '2023-10-16', 3),
(156, 71, 24, 11, '2023-11-11', 10),
(157, 74, 26, 3, '2023-10-21', 20),
(158, 33, 25, 19, '2023-10-27', 19),
(159, 58, 3, 24, '2023-10-29', 6),
(160, 71, 12, 6, '2023-11-08', 7),
(161, 82, 27, 3, '2023-10-22', 2),
(162, 69, 2, 17, '2023-10-18', 28),
(163, 68, 16, 17, '2023-10-20', 21),
(164, 82, 7, 20, '2023-11-05', 24),
(165, 23, 10, 5, '2023-11-04', 15),
(166, 48, 5, 15, '2023-11-04', 13),
(167, 73, 18, 6, '2023-11-07', 11),
(168, 1, 9, 5, '2023-11-03', 1),
(169, 51, 13, 23, '2023-10-21', 28),
(170, 5, 3, 2, '2023-10-17', 26),
(171, 55, 27, 13, '2023-10-21', 12),
(172, 66, 23, 7, '2023-10-18', 2),
(173, 18, 18, 9, '2023-10-30', 25),
(174, 9, 21, 6, '2023-11-09', 2),
(175, 14, 14, 13, '2023-10-25', 6),
(176, 48, 13, 12, '2023-10-18', 16),
(177, 3, 30, 21, '2023-11-12', 24),
(178, 22, 8, 23, '2023-10-22', 13),
(179, 44, 3, 6, '2023-11-09', 23),
(180, 21, 7, 6, '2023-11-11', 28),
(181, 65, 11, 3, '2023-10-22', 15),
(182, 14, 8, 6, '2023-11-07', 5),
(183, 42, 5, 1, '2023-11-07', 4),
(184, 53, 20, 17, '2023-10-17', 16),
(185, 21, 20, 11, '2023-11-10', 22),
(186, 18, 4, 1, '2023-11-09', 8),
(187, 66, 27, 18, '2023-10-21', 2),
(188, 1, 17, 3, '2023-10-19', 2),
(189, 28, 20, 5, '2023-11-04', 26),
(190, 17, 19, 11, '2023-11-11', 1),
(191, 82, 14, 18, '2023-10-24', 25),
(192, 12, 21, 6, '2023-11-08', 11),
(193, 26, 23, 21, '2023-11-07', 13),
(194, 73, 2, 8, '2023-10-20', 30),
(195, 12, 19, 9, '2023-10-28', 20),
(196, 20, 4, 20, '2023-11-03', 24),
(197, 64, 3, 13, '2023-10-20', 12),
(198, 31, 26, 4, '2023-10-25', 24),
(199, 46, 21, 20, '2023-11-02', 27),
(200, 64, 13, 23, '2023-10-24', 4),
(201, 4, 5, 18, '2023-10-21', 13),
(202, 55, 19, 21, '2023-11-08', 3),
(203, 31, 12, 19, '2023-10-29', 16),
(204, 12, 8, 20, '2023-11-01', 30),
(205, 77, 23, 2, '2023-10-15', 8),
(206, 30, 26, 2, '2023-10-16', 7),
(207, 41, 19, 12, '2023-10-16', 12),
(208, 15, 28, 25, '2023-11-02', 1),
(209, 76, 9, 24, '2023-10-26', 23),
(210, 33, 20, 11, '2023-11-06', 30),
(211, 53, 27, 8, '2023-10-19', 4),
(212, 17, 8, 6, '2023-11-08', 26),
(213, 41, 20, 3, '2023-10-23', 26),
(214, 75, 1, 7, '2023-10-14', 26),
(215, 55, 22, 14, '2023-10-26', 11),
(216, 66, 11, 17, '2023-10-18', 17),
(217, 20, 16, 13, '2023-10-20', 9),
(218, 51, 21, 15, '2023-10-30', 9),
(219, 27, 12, 11, '2023-11-11', 28),
(220, 13, 30, 10, '2023-11-05', 22),
(221, 61, 14, 23, '2023-10-24', 27),
(222, 29, 24, 15, '2023-11-04', 14),
(223, 59, 27, 22, '2023-11-12', 25),
(224, 35, 26, 18, '2023-10-24', 28),
(225, 47, 11, 25, '2023-11-03', 26),
(226, 71, 20, 21, '2023-11-11', 17),
(227, 41, 16, 25, '2023-10-31', 1),
(228, 6, 16, 15, '2023-10-30', 30),
(229, 65, 26, 10, '2023-11-04', 8),
(230, 76, 4, 9, '2023-10-27', 18),
(231, 40, 22, 22, '2023-10-14', 19),
(232, 75, 18, 3, '2023-10-21', 16),
(233, 49, 17, 14, '2023-10-25', 13),
(234, 10, 5, 17, '2023-10-16', 4),
(235, 29, 9, 23, '2023-10-21', 24),
(236, 40, 4, 8, '2023-10-20', 30),
(237, 79, 30, 4, '2023-10-26', 16),
(238, 52, 12, 21, '2023-11-04', 28),
(239, 80, 15, 4, '2023-10-24', 18),
(240, 9, 23, 21, '2023-11-09', 15),
(241, 33, 30, 4, '2023-10-27', 2),
(242, 23, 19, 9, '2023-10-25', 15),
(243, 22, 28, 6, '2023-11-09', 12),
(244, 41, 9, 1, '2023-11-05', 11),
(245, 11, 26, 13, '2023-10-23', 17),
(246, 80, 17, 3, '2023-10-17', 18),
(247, 55, 29, 10, '2023-11-03', 24),
(248, 39, 15, 10, '2023-10-29', 24),
(249, 12, 10, 12, '2023-11-12', 2),
(250, 60, 25, 4, '2023-10-27', 14),
(251, 7, 19, 12, '2023-10-15', 19),
(252, 66, 19, 8, '2023-10-18', 26),
(253, 4, 21, 10, '2023-11-02', 14),
(254, 35, 3, 5, '2023-11-01', 1),
(255, 8, 10, 9, '2023-10-26', 18),
(256, 3, 4, 12, '2023-10-14', 13),
(257, 7, 24, 14, '2023-10-23', 12),
(258, 14, 7, 24, '2023-10-25', 5),
(259, 29, 18, 4, '2023-10-23', 23),
(260, 26, 4, 23, '2023-10-18', 7),
(261, 76, 25, 9, '2023-10-24', 29),
(262, 14, 17, 4, '2023-10-27', 20),
(263, 61, 6, 6, '2023-11-08', 22),
(264, 55, 8, 25, '2023-10-30', 25),
(265, 24, 26, 12, '2023-10-14', 3),
(266, 81, 25, 16, '2023-11-09', 23),
(267, 61, 11, 8, '2023-10-21', 30),
(268, 17, 26, 10, '2023-11-02', 24),
(269, 39, 21, 11, '2023-11-07', 11),
(270, 70, 24, 23, '2023-10-18', 19),
(271, 20, 14, 18, '2023-10-18', 27),
(272, 29, 7, 24, '2023-10-26', 12),
(273, 11, 24, 16, '2023-11-07', 9),
(274, 43, 4, 12, '2023-11-11', 19),
(275, 36, 16, 3, '2023-10-16', 22),
(276, 82, 5, 3, '2023-10-17', 3),
(277, 57, 14, 8, '2023-10-17', 16),
(278, 38, 11, 19, '2023-10-25', 30),
(279, 47, 27, 25, '2023-10-28', 3),
(280, 67, 6, 25, '2023-10-31', 12),
(281, 56, 1, 7, '2023-10-14', 12),
(282, 42, 6, 3, '2023-10-16', 5),
(283, 40, 20, 13, '2023-10-19', 7),
(284, 43, 14, 23, '2023-10-17', 2),
(285, 66, 14, 8, '2023-10-17', 28),
(286, 16, 19, 21, '2023-11-03', 24),
(287, 76, 12, 9, '2023-10-24', 4),
(288, 43, 16, 6, '2023-11-02', 24),
(289, 79, 13, 21, '2023-11-04', 11),
(290, 15, 22, 24, '2023-10-23', 9),
(291, 76, 28, 17, '2023-10-15', 5),
(292, 39, 29, 13, '2023-10-16', 15),
(293, 82, 30, 7, '2023-11-09', 4),
(294, 80, 23, 10, '2023-10-28', 9),
(295, 28, 7, 12, '2023-11-12', 12),
(296, 32, 3, 12, '2023-10-15', 3),
(297, 20, 11, 14, '2023-10-25', 13),
(298, 31, 6, 16, '2023-11-02', 12),
(299, 18, 29, 8, '2023-10-17', 5),
(300, 54, 10, 19, '2023-10-24', 6),
(301, 42, 2, 19, '2023-10-23', 24),
(302, 18, 1, 9, '2023-10-22', 29),
(303, 30, 6, 18, '2023-10-18', 5),
(304, 33, 27, 16, '2023-11-04', 14),
(305, 65, 23, 4, '2023-10-21', 10),
(306, 21, 29, 21, '2023-11-05', 15),
(307, 40, 5, 25, '2023-10-31', 2),
(308, 46, 6, 9, '2023-10-24', 26),
(309, 74, 11, 21, '2023-11-07', 21),
(310, 20, 19, 13, '2023-10-19', 25),
(311, 50, 4, 3, '2023-10-18', 7),
(312, 27, 10, 6, '2023-11-06', 28),
(313, 1, 23, 25, '2023-10-31', 23),
(314, 47, 26, 5, '2023-10-29', 14),
(315, 32, 28, 16, '2023-11-06', 12),
(316, 70, 23, 8, '2023-10-20', 27),
(317, 68, 19, 3, '2023-10-17', 12),
(318, 73, 23, 23, '2023-10-15', 19),
(319, 20, 18, 17, '2023-10-14', 3),
(320, 41, 22, 18, '2023-10-16', 26),
(321, 79, 14, 13, '2023-10-15', 28),
(322, 82, 4, 20, '2023-10-28', 12),
(323, 65, 17, 21, '2023-11-05', 24),
(324, 22, 6, 23, '2023-10-17', 22),
(325, 56, 3, 5, '2023-10-26', 28),
(326, 14, 21, 14, '2023-10-23', 23),
(327, 54, 30, 2, '2023-11-11', 2),
(328, 4, 16, 10, '2023-11-01', 21),
(329, 51, 24, 9, '2023-10-20', 2),
(330, 78, 2, 24, '2023-10-24', 16),
(331, 50, 7, 14, '2023-10-23', 26),
(332, 66, 6, 5, '2023-10-31', 29),
(333, 38, 1, 17, '2023-11-12', 19),
(334, 69, 8, 21, '2023-11-05', 9),
(335, 38, 16, 25, '2023-10-28', 1),
(336, 77, 13, 2, '2023-11-11', 9),
(337, 60, 27, 1, '2023-11-02', 4),
(338, 3, 8, 16, '2023-11-05', 22),
(339, 18, 28, 6, '2023-11-05', 23),
(340, 1, 7, 15, '2023-10-26', 26),
(341, 24, 20, 9, '2023-10-23', 17),
(342, 34, 26, 9, '2023-10-21', 23),
(343, 5, 15, 4, '2023-10-22', 5),
(344, 57, 18, 4, '2023-10-24', 3),
(345, 33, 26, 7, '2023-11-12', 20),
(346, 51, 22, 25, '2023-10-28', 23),
(347, 25, 12, 2, '2023-11-12', 29),
(348, 6, 17, 25, '2023-10-28', 20),
(349, 38, 7, 9, '2023-10-25', 10),
(350, 4, 19, 17, '2023-11-12', 18),
(351, 11, 25, 7, '2023-11-12', 19),
(352, 9, 10, 2, '2023-11-07', 3),
(353, 33, 10, 17, '2023-11-07', 8),
(354, 71, 19, 5, '2023-10-29', 9),
(355, 45, 7, 6, '2023-11-03', 17),
(356, 31, 30, 20, '2023-10-27', 2),
(357, 8, 26, 17, '2023-11-12', 7),
(358, 26, 5, 6, '2023-11-01', 23),
(359, 42, 18, 20, '2023-10-27', 5),
(360, 38, 29, 8, '2023-10-17', 21),
(361, 83, 27, 17, '2023-11-08', 29),
(362, 9, 12, 25, '2023-10-30', 25),
(363, 80, 20, 23, '2023-10-15', 5),
(364, 23, 4, 20, '2023-10-26', 16),
(365, 30, 24, 23, '2023-10-15', 25),
(366, 13, 12, 19, '2023-10-25', 30),
(367, 51, 18, 6, '2023-11-04', 24),
(368, 65, 12, 22, '2023-11-08', 17),
(369, 70, 8, 1, '2023-11-02', 19),
(370, 41, 15, 20, '2023-10-28', 27),
(371, 41, 8, 20, '2023-10-28', 23),
(372, 36, 26, 10, '2023-10-28', 6),
(373, 42, 7, 13, '2023-10-14', 26),
(374, 33, 11, 7, '2023-11-11', 1),
(375, 71, 18, 20, '2023-10-28', 29),
(376, 62, 25, 3, '2023-11-12', 5),
(377, 39, 18, 12, '2023-11-08', 29),
(378, 76, 29, 16, '2023-11-04', 12),
(379, 75, 6, 25, '2023-10-25', 15),
(380, 31, 14, 10, '2023-10-26', 13),
(381, 8, 23, 3, '2023-10-15', 1),
(382, 21, 1, 24, '2023-10-23', 20),
(383, 70, 6, 9, '2023-10-24', 21),
(384, 13, 23, 25, '2023-10-29', 4),
(385, 62, 7, 7, '2023-11-10', 15),
(386, 35, 28, 6, '2023-10-31', 28),
(387, 12, 4, 13, '2023-10-17', 6),
(388, 83, 26, 11, '2023-11-03', 3),
(389, 6, 19, 23, '2023-10-16', 25),
(390, 13, 15, 19, '2023-10-19', 17),
(391, 51, 25, 3, '2023-11-12', 24),
(392, 43, 26, 14, '2023-10-20', 5),
(393, 1, 27, 20, '2023-10-26', 14),
(394, 72, 19, 24, '2023-10-20', 8),
(395, 8, 5, 4, '2023-10-22', 28),
(396, 55, 6, 20, '2023-10-28', 11),
(397, 11, 14, 15, '2023-10-29', 10),
(398, 24, 17, 24, '2023-10-20', 6),
(399, 74, 3, 17, '2023-11-10', 6),
(400, 15, 11, 6, '2023-10-31', 22),
(401, 10, 20, 14, '2023-10-18', 6),
(402, 72, 30, 11, '2023-11-04', 22),
(403, 6, 14, 23, '2023-11-11', 8),
(404, 11, 7, 4, '2023-10-20', 1),
(405, 64, 27, 5, '2023-10-29', 16),
(406, 21, 16, 25, '2023-10-28', 21),
(407, 35, 25, 12, '2023-11-10', 22),
(408, 15, 14, 22, '2023-11-08', 11),
(409, 27, 18, 22, '2023-11-09', 1),
(410, 82, 28, 24, '2023-10-19', 24),
(411, 11, 23, 1, '2023-11-02', 29),
(412, 43, 28, 17, '2023-11-08', 24),
(413, 74, 15, 20, '2023-10-26', 5),
(414, 47, 15, 13, '2023-10-15', 16),
(415, 61, 17, 14, '2023-10-17', 20),
(416, 34, 19, 10, '2023-10-26', 9),
(417, 69, 28, 20, '2023-10-28', 23),
(418, 46, 15, 11, '2023-10-29', 15),
(419, 35, 2, 7, '2023-11-06', 16),
(420, 80, 27, 9, '2023-10-22', 13),
(421, 67, 14, 18, '2023-11-12', 20),
(422, 70, 15, 1, '2023-11-03', 13),
(423, 19, 23, 21, '2023-11-03', 26),
(424, 42, 13, 21, '2023-11-04', 19),
(425, 66, 9, 10, '2023-10-25', 10),
(426, 65, 8, 9, '2023-10-21', 2),
(427, 19, 18, 8, '2023-11-11', 6),
(428, 52, 25, 25, '2023-10-27', 27),
(429, 67, 19, 9, '2023-10-19', 21),
(430, 54, 6, 24, '2023-10-21', 7),
(431, 60, 4, 23, '2023-10-15', 30),
(432, 23, 25, 22, '2023-11-06', 5),
(433, 67, 21, 9, '2023-10-22', 13),
(434, 26, 8, 17, '2023-11-09', 22),
(435, 71, 21, 1, '2023-10-31', 29),
(436, 5, 25, 15, '2023-10-27', 16),
(437, 82, 29, 7, '2023-11-06', 29),
(438, 47, 25, 14, '2023-10-18', 6),
(439, 58, 25, 2, '2023-11-06', 11),
(440, 64, 24, 24, '2023-10-16', 12),
(441, 74, 13, 21, '2023-11-02', 10),
(442, 29, 26, 25, '2023-10-25', 29),
(443, 14, 26, 6, '2023-11-01', 7),
(444, 63, 12, 13, '2023-11-11', 7),
(445, 16, 30, 12, '2023-11-04', 10),
(446, 32, 13, 5, '2023-10-25', 9),
(447, 12, 2, 4, '2023-10-17', 21),
(448, 27, 26, 17, '2023-11-03', 28),
(449, 69, 12, 8, '2023-11-12', 10),
(450, 50, 23, 9, '2023-10-16', 30),
(451, 27, 4, 25, '2023-10-27', 19),
(452, 26, 10, 13, '2023-11-11', 9),
(453, 60, 11, 9, '2023-10-16', 19),
(454, 58, 1, 17, '2023-11-08', 13),
(455, 56, 10, 7, '2023-11-03', 8),
(456, 32, 6, 13, '2023-11-11', 26),
(457, 20, 27, 7, '2023-11-08', 7),
(458, 73, 3, 7, '2023-11-07', 21),
(459, 30, 17, 15, '2023-10-22', 8),
(460, 54, 5, 20, '2023-10-22', 22),
(461, 39, 17, 25, '2023-10-26', 6),
(462, 32, 11, 6, '2023-10-31', 25),
(463, 35, 1, 21, '2023-10-29', 22),
(464, 71, 9, 13, '2023-11-08', 15),
(465, 82, 17, 9, '2023-10-19', 21),
(466, 70, 28, 9, '2023-10-18', 10),
(467, 36, 17, 17, '2023-11-03', 25),
(468, 51, 5, 4, '2023-10-17', 8),
(469, 1, 2, 25, '2023-10-23', 9),
(470, 29, 19, 25, '2023-10-25', 5),
(471, 51, 2, 11, '2023-11-02', 13),
(472, 58, 2, 11, '2023-10-27', 28),
(473, 79, 25, 3, '2023-11-10', 15),
(474, 73, 26, 8, '2023-11-12', 18),
(475, 25, 9, 10, '2023-10-24', 3),
(476, 50, 16, 10, '2023-10-21', 21),
(477, 54, 22, 17, '2023-11-04', 22),
(478, 74, 6, 18, '2023-11-12', 17),
(479, 68, 21, 11, '2023-10-31', 27),
(480, 76, 5, 16, '2023-10-30', 26),
(481, 59, 16, 10, '2023-10-25', 23),
(482, 11, 4, 8, '2023-11-07', 30),
(483, 46, 18, 16, '2023-10-29', 1),
(484, 63, 1, 21, '2023-10-30', 1),
(485, 26, 26, 12, '2023-11-04', 26),
(486, 65, 28, 12, '2023-11-04', 12),
(487, 80, 12, 24, '2023-10-17', 25),
(488, 34, 12, 19, '2023-10-15', 2),
(489, 17, 1, 22, '2023-11-01', 25),
(490, 72, 7, 13, '2023-11-08', 6),
(491, 65, 5, 3, '2023-11-11', 16),
(492, 56, 22, 21, '2023-10-30', 21),
(493, 42, 30, 11, '2023-10-31', 5),
(494, 21, 3, 23, '2023-10-14', 24),
(495, 78, 26, 24, '2023-10-16', 6),
(496, 54, 1, 11, '2023-10-31', 18),
(497, 36, 30, 22, '2023-11-04', 25),
(498, 27, 29, 19, '2023-10-17', 1),
(499, 31, 18, 11, '2023-10-28', 4),
(500, 70, 9, 1, '2023-10-31', 7),
(501, 78, 9, 14, '2023-10-14', 7),
(502, 3, 22, 19, '2023-10-18', 24),
(503, 23, 14, 11, '2023-10-30', 13),
(504, 36, 27, 15, '2023-10-24', 13),
(505, 79, 27, 6, '2023-10-28', 27),
(506, 63, 13, 5, '2023-10-25', 30),
(507, 50, 17, 6, '2023-10-29', 11),
(508, 73, 17, 15, '2023-10-25', 8),
(509, 46, 10, 20, '2023-10-20', 25),
(510, 4, 30, 20, '2023-10-24', 3),
(511, 82, 9, 7, '2023-11-03', 4),
(512, 53, 13, 9, '2023-10-16', 11),
(513, 74, 23, 21, '2023-10-30', 24),
(514, 34, 27, 8, '2023-11-09', 8),
(515, 8, 28, 1, '2023-10-27', 4),
(516, 47, 20, 21, '2023-10-31', 23),
(517, 50, 26, 8, '2023-11-11', 19),
(518, 60, 17, 10, '2023-10-25', 13),
(519, 29, 5, 8, '2023-11-12', 19),
(520, 29, 28, 11, '2023-10-25', 30),
(521, 37, 16, 6, '2023-10-26', 24),
(522, 4, 6, 7, '2023-11-02', 25),
(523, 50, 29, 22, '2023-11-06', 12),
(524, 83, 16, 21, '2023-10-25', 29),
(525, 2, 17, 3, '2023-11-10', 14),
(526, 55, 30, 1, '2023-10-26', 30),
(527, 59, 23, 15, '2023-10-19', 18),
(528, 52, 16, 19, '2023-10-14', 13),
(529, 34, 14, 22, '2023-11-04', 11),
(530, 83, 19, 21, '2023-10-29', 16),
(531, 57, 28, 19, '2023-10-15', 10),
(532, 80, 25, 3, '2023-11-08', 27),
(533, 34, 2, 10, '2023-10-22', 21),
(534, 16, 21, 2, '2023-11-05', 6),
(535, 1, 16, 1, '2023-10-26', 26),
(536, 29, 8, 21, '2023-10-29', 13),
(537, 64, 5, 7, '2023-11-01', 10),
(538, 7, 21, 22, '2023-11-03', 1),
(539, 4, 28, 14, '2023-10-17', 16),
(540, 44, 9, 12, '2023-11-03', 10),
(541, 80, 4, 2, '2023-11-03', 6),
(542, 8, 18, 11, '2023-10-29', 16),
(543, 52, 13, 23, '2023-11-08', 14),
(544, 8, 29, 19, '2023-11-12', 18),
(545, 18, 13, 25, '2023-10-23', 15),
(546, 12, 17, 7, '2023-11-01', 10),
(547, 22, 24, 3, '2023-11-10', 3),
(548, 5, 19, 1, '2023-10-25', 20),
(549, 66, 25, 11, '2023-10-25', 17),
(550, 37, 15, 10, '2023-10-22', 29),
(551, 62, 1, 25, '2023-10-23', 30),
(552, 59, 24, 14, '2023-10-17', 30),
(553, 32, 10, 25, '2023-10-20', 11),
(554, 58, 23, 25, '2023-10-23', 27),
(555, 76, 27, 20, '2023-10-22', 27),
(556, 79, 1, 8, '2023-11-05', 3),
(557, 58, 22, 6, '2023-10-25', 4),
(558, 81, 1, 21, '2023-10-28', 15),
(559, 62, 28, 20, '2023-10-18', 13),
(560, 48, 4, 10, '2023-10-21', 19),
(561, 12, 3, 19, '2023-10-16', 29),
(562, 27, 23, 24, '2023-11-11', 19),
(563, 76, 8, 15, '2023-10-18', 10),
(564, 71, 5, 17, '2023-11-02', 7),
(565, 15, 12, 11, '2023-10-25', 11),
(566, 69, 1, 3, '2023-11-09', 28),
(567, 73, 21, 16, '2023-10-27', 16),
(568, 58, 13, 25, '2023-10-19', 29),
(569, 1, 6, 9, '2023-10-14', 6),
(570, 65, 10, 23, '2023-11-05', 17),
(571, 71, 11, 12, '2023-11-03', 24),
(572, 9, 17, 19, '2023-11-10', 5),
(573, 19, 30, 15, '2023-10-22', 24),
(574, 11, 29, 8, '2023-11-08', 8),
(575, 22, 14, 9, '2023-10-16', 6),
(576, 33, 18, 4, '2023-11-12', 11),
(577, 3, 11, 1, '2023-10-24', 14),
(578, 51, 6, 20, '2023-10-18', 25),
(579, 27, 5, 21, '2023-10-27', 1),
(580, 66, 28, 10, '2023-10-18', 16),
(581, 31, 19, 17, '2023-11-02', 19),
(582, 76, 10, 24, '2023-10-15', 9),
(583, 5, 7, 23, '2023-11-04', 7);

-- --------------------------------------------------------

--
-- Struktur dari tabel `penilaian`
--

CREATE TABLE `penilaian` (
  `id_penilaian` int(11) NOT NULL,
  `nilai_produk` int(11) DEFAULT NULL,
  `pembelian_id` int(11) NOT NULL
) ENGINE=InnoDB DEFAULT CHARSET=utf8mb4 COLLATE=utf8mb4_general_ci;

--
-- Dumping data untuk tabel `penilaian`
--

INSERT INTO `penilaian` (`id_penilaian`, `nilai_produk`, `pembelian_id`) VALUES
(1, 3, 102),
(2, 1, 133),
(3, 1, 168),
(4, 4, 188),
(5, 4, 313),
(6, 1, 340),
(7, 2, 393),
(8, 5, 469),
(9, 2, 535),
(10, 3, 569),
(11, 4, 17),
(12, 4, 38),
(13, 3, 121),
(14, 3, 125),
(15, 2, 525),
(16, 5, 10),
(17, 2, 71),
(18, 5, 100),
(19, 3, 128),
(20, 1, 177),
(21, 5, 256),
(22, 2, 338),
(23, 5, 502),
(24, 1, 577),
(25, 5, 68),
(26, 4, 137),
(27, 2, 201),
(28, 5, 253),
(29, 2, 328),
(30, 5, 350),
(31, 4, 510),
(32, 1, 522),
(33, 5, 539),
(34, 3, 9),
(35, 5, 115),
(36, 4, 170),
(37, 3, 343),
(38, 1, 436),
(39, 3, 548),
(40, 5, 583),
(41, 4, 81),
(42, 1, 101),
(43, 4, 228),
(44, 3, 348),
(45, 2, 389),
(46, 1, 403),
(47, 3, 151),
(48, 1, 251),
(49, 2, 257),
(50, 3, 538),
(51, 5, 76),
(52, 2, 144),
(53, 5, 147),
(54, 2, 255),
(55, 5, 357),
(56, 3, 381),
(57, 4, 395),
(58, 3, 515),
(59, 5, 542),
(60, 5, 544),
(61, 1, 29),
(62, 4, 134),
(63, 1, 174),
(64, 3, 240),
(65, 2, 352),
(66, 4, 362),
(67, 5, 572),
(68, 3, 24),
(69, 2, 234),
(70, 4, 401),
(71, 1, 143),
(72, 4, 245),
(73, 1, 273),
(74, 2, 351),
(75, 1, 397),
(76, 2, 404),
(77, 5, 411),
(78, 1, 482),
(79, 5, 574),
(80, 5, 25),
(81, 5, 105),
(82, 5, 192),
(83, 5, 195),
(84, 5, 204),
(85, 4, 249),
(86, 2, 387),
(87, 1, 447),
(88, 2, 546),
(89, 3, 561),
(90, 2, 12),
(91, 4, 28),
(92, 5, 33),
(93, 3, 220),
(94, 3, 366),
(95, 5, 384),
(96, 1, 390),
(97, 4, 26),
(98, 3, 56),
(99, 1, 116),
(100, 3, 175),
(101, 5, 182),
(102, 4, 258),
(103, 3, 262),
(104, 5, 326),
(105, 5, 443),
(106, 5, 208),
(107, 5, 290),
(108, 5, 400),
(109, 5, 408),
(110, 4, 565),
(111, 3, 70),
(112, 5, 91),
(113, 4, 286),
(114, 1, 445),
(115, 1, 534),
(116, 3, 14),
(117, 5, 190),
(118, 5, 212),
(119, 1, 268),
(120, 4, 489),
(121, 5, 173),
(122, 4, 186),
(123, 5, 299),
(124, 5, 302),
(125, 3, 339),
(126, 3, 545),
(127, 4, 423),
(128, 2, 427),
(129, 2, 573),
(130, 1, 43),
(131, 1, 77),
(132, 5, 82),
(133, 4, 196),
(134, 3, 217),
(135, 2, 271),
(136, 3, 297),
(137, 2, 310),
(138, 2, 319),
(139, 1, 457),
(140, 1, 7),
(141, 2, 13),
(142, 1, 41),
(143, 2, 51),
(144, 5, 180),
(145, 1, 185),
(146, 4, 306),
(147, 2, 382),
(148, 2, 406),
(149, 3, 494),
(150, 3, 178),
(151, 1, 243),
(152, 3, 324),
(153, 5, 547),
(154, 5, 575),
(155, 5, 5),
(156, 3, 34),
(157, 5, 36),
(158, 4, 132),
(159, 5, 165),
(160, 4, 242),
(161, 5, 364),
(162, 5, 432),
(163, 3, 503),
(164, 1, 48),
(165, 1, 72),
(166, 5, 265),
(167, 5, 341),
(168, 2, 398),
(169, 5, 37),
(170, 4, 347),
(171, 2, 475),
(172, 1, 78),
(173, 5, 193),
(174, 4, 260),
(175, 3, 358),
(176, 4, 434),
(177, 2, 452),
(178, 4, 485),
(179, 2, 154),
(180, 5, 219),
(181, 2, 312),
(182, 1, 409),
(183, 1, 448),
(184, 3, 451),
(185, 4, 498),
(186, 4, 562),
(187, 3, 579),
(188, 3, 90),
(189, 2, 94),
(190, 5, 126),
(191, 3, 189),
(192, 2, 295),
(193, 2, 222),
(194, 3, 235),
(195, 2, 259),
(196, 2, 272),
(197, 5, 442),
(198, 3, 470),
(199, 4, 519),
(200, 2, 520),
(201, 2, 536),
(202, 4, 15),
(203, 1, 140),
(204, 4, 206),
(205, 5, 303),
(206, 5, 365),
(207, 3, 459),
(208, 4, 198),
(209, 3, 203),
(210, 2, 298),
(211, 3, 356),
(212, 1, 380),
(213, 3, 499),
(214, 1, 581),
(215, 1, 45),
(216, 1, 296),
(217, 3, 315),
(218, 5, 446),
(219, 1, 456),
(220, 1, 462),
(221, 4, 553),
(222, 2, 54),
(223, 3, 158),
(224, 3, 210),
(225, 1, 241),
(226, 4, 304),
(227, 1, 345),
(228, 2, 353),
(229, 4, 374),
(230, 1, 576),
(231, 3, 46),
(232, 3, 84),
(233, 5, 342),
(234, 4, 416),
(235, 5, 488),
(236, 2, 514),
(237, 1, 529),
(238, 4, 533),
(239, 1, 1),
(240, 1, 69),
(241, 3, 148),
(242, 5, 152),
(243, 2, 224),
(244, 4, 254),
(245, 2, 386),
(246, 3, 407),
(247, 5, 419),
(248, 1, 463),
(249, 5, 92),
(250, 5, 275),
(251, 1, 372),
(252, 3, 467),
(253, 2, 497),
(254, 2, 504),
(255, 4, 63),
(256, 1, 85),
(257, 4, 521),
(258, 5, 550),
(259, 3, 3),
(260, 1, 131),
(261, 3, 278),
(262, 1, 333),
(263, 3, 335),
(264, 4, 349),
(265, 2, 360),
(266, 4, 117),
(267, 2, 122),
(268, 2, 248),
(269, 5, 269),
(270, 2, 292),
(271, 4, 377),
(272, 3, 461),
(273, 3, 32),
(274, 4, 49),
(275, 2, 231),
(276, 3, 236),
(277, 4, 283),
(278, 1, 307),
(279, 5, 2),
(280, 4, 16),
(281, 4, 40),
(282, 1, 118),
(283, 5, 207),
(284, 2, 213),
(285, 4, 227),
(286, 2, 244),
(287, 4, 320),
(288, 3, 370),
(289, 1, 371),
(290, 1, 64),
(291, 5, 183),
(292, 5, 282),
(293, 1, 301),
(294, 1, 359),
(295, 3, 373),
(296, 2, 424),
(297, 3, 493),
(298, 5, 274),
(299, 4, 284),
(300, 2, 288),
(301, 1, 392),
(302, 2, 412),
(303, 2, 23),
(304, 3, 35),
(305, 1, 44),
(306, 2, 124),
(307, 5, 179),
(308, 1, 540),
(309, 1, 95),
(310, 5, 355),
(311, 1, 199),
(312, 5, 308),
(313, 1, 418),
(314, 3, 483),
(315, 5, 509),
(316, 3, 42),
(317, 5, 106),
(318, 1, 225),
(319, 3, 279),
(320, 2, 314),
(321, 4, 414),
(322, 4, 438),
(323, 2, 516),
(324, 2, 39),
(325, 2, 136),
(326, 2, 166),
(327, 2, 176),
(328, 3, 560),
(329, 4, 233),
(330, 1, 18),
(331, 5, 311),
(332, 3, 331),
(333, 5, 450),
(334, 3, 476),
(335, 2, 507),
(336, 3, 517),
(337, 1, 523),
(338, 5, 27),
(339, 1, 169),
(340, 1, 218),
(341, 4, 329),
(342, 4, 346),
(343, 2, 367),
(344, 1, 391),
(345, 4, 468),
(346, 5, 471),
(347, 5, 578),
(348, 5, 114),
(349, 1, 238),
(350, 3, 428),
(351, 1, 528),
(352, 5, 543),
(353, 3, 20),
(354, 3, 57),
(355, 1, 74),
(356, 4, 119),
(357, 1, 184),
(358, 5, 211),
(359, 5, 512),
(360, 5, 86),
(361, 1, 99),
(362, 5, 104),
(363, 4, 300),
(364, 5, 327),
(365, 1, 430),
(366, 1, 460),
(367, 2, 477),
(368, 3, 496),
(369, 1, 75),
(370, 4, 80),
(371, 4, 107),
(372, 2, 171),
(373, 3, 202),
(374, 5, 215),
(375, 3, 247),
(376, 5, 264),
(377, 2, 396),
(378, 5, 526),
(379, 3, 281),
(380, 4, 325),
(381, 5, 455),
(382, 4, 492),
(383, 4, 8),
(384, 2, 153),
(385, 1, 277);

-- --------------------------------------------------------

--
-- Struktur dari tabel `penjual`
--

CREATE TABLE `penjual` (
  `id_penjual` int(11) NOT NULL,
  `nama_depan` varchar(50) DEFAULT NULL,
  `nama_belakang` varchar(50) DEFAULT NULL,
  `alamat` varchar(50) DEFAULT NULL,
  `jenis_kelamin` enum('L','P') DEFAULT NULL,
  `tanggal_lahir` date DEFAULT NULL
) ENGINE=InnoDB DEFAULT CHARSET=utf8mb4 COLLATE=utf8mb4_general_ci;

--
-- Dumping data untuk tabel `penjual`
--

INSERT INTO `penjual` (`id_penjual`, `nama_depan`, `nama_belakang`, `alamat`, `jenis_kelamin`, `tanggal_lahir`) VALUES
(1, 'Mark', 'Johnson', '123 Main St', 'L', '1990-03-15'),
(2, 'Emma', 'Thompson', '456 Elm St', 'P', '1992-05-20'),
(3, 'Ryan', 'Williams', '789 Oak St', 'L', '1995-07-10'),
(4, 'Grace', 'Anderson', '111 Pine St', 'P', '1992-03-30'),
(5, 'Daniel', 'Harrison', '222 Cedar St', 'L', '1993-09-25'),
(6, 'Sophie', 'Miller', '333 Birch St', 'P', '1991-12-05'),
(7, 'Andrew', 'Taylor', '444 Maple St', 'L', '1987-02-14'),
(8, 'Olivia', 'Evans', '555 Spruce St', 'P', '1986-06-22'),
(9, 'Jack', 'Martin', '666 Oak St', 'L', '1993-04-18'),
(10, 'Sophia', 'Gomez', '777 Elm St', 'P', '1994-08-08'),
(11, 'Leo', 'Rodriguez', '888 Pine St', 'L', '1989-11-02'),
(12, 'Ella', 'Williams', '999 Cedar St', 'P', '1984-10-11'),
(13, 'Liam', 'Anderson', '111 Birch St', 'L', '1995-07-03'),
(14, 'Ava', 'Brown', '222 Maple St', 'P', '1993-02-25'),
(15, 'Max', 'Davis', '333 Spruce St', 'L', '1990-09-17'),
(16, 'Scarlett', 'Hill', '444 Oak St', 'P', '1986-03-14'),
(17, 'Lucas', 'Mitchell', '555 Elm St', 'L', '1984-12-09'),
(18, 'Aria', 'Clark', '666 Cedar St', 'P', '1992-08-19'),
(19, 'Ethan', 'Baker', '777 Pine St', 'L', '1991-06-26'),
(20, 'Sophie', 'Perez', '888 Main St', 'P', '1994-04-10'),
(21, 'Mia', 'Fisher', '999 Birch St', 'P', '1993-01-28'),
(22, 'Carter', 'Mitchell', '111 Elm St', 'L', '1988-10-02'),
(23, 'Chloe', 'Reed', '222 Oak St', 'P', '1987-04-23'),
(24, 'Henry', 'Stewart', '333 Spruce St', 'L', '1985-07-29'),
(25, 'Zoe', 'Russell', '444 Cedar St', 'P', '1995-03-31'),
(26, 'Nathan', 'Hernandez', '555 Maple St', 'L', '1990-12-12'),
(27, 'Lily', 'Simmons', '666 Elm St', 'P', '1991-05-15'),
(28, 'Jackson', 'Perry', '777 Pine St', 'L', '1989-09-08'),
(29, 'Hannah', 'Barnes', '888 Main St', 'P', '1988-11-27'),
(30, 'Dylan', 'Coleman', '999 Cedar St', 'L', '1994-02-07');

-- --------------------------------------------------------

--
-- Struktur dari tabel `produk`
--

CREATE TABLE `produk` (
  `id_produk` int(11) NOT NULL,
  `judul_produk` varchar(50) DEFAULT NULL,
  `deskripsi_produk` varchar(255) DEFAULT NULL,
  `harga_produk` int(11) DEFAULT NULL,
  `gambar_produk` varchar(255) DEFAULT NULL
) ENGINE=InnoDB DEFAULT CHARSET=utf8mb4 COLLATE=utf8mb4_general_ci;

--
-- Dumping data untuk tabel `produk`
--

INSERT INTO `produk` (`id_produk`, `judul_produk`, `deskripsi_produk`, `harga_produk`, `gambar_produk`) VALUES
(1, 'Laptop Dell XPS 13', 'Laptop Dell XPS 13 dengan layar sentuh dan prosesor Intel Core i7.', 1299, 'dell_xps_13.jpg'),
(2, 'Smartphone Samsung Galaxy S21', 'Smartphone Samsung Galaxy S21 dengan layar AMOLED dan kamera 108 MP.', 899, 'samsung_galaxy_s21.jpg'),
(3, 'TV LED 4K Sony Bravia', 'TV LED 4K Sony Bravia dengan layar 55 inci dan suara Dolby Atmos.', 799, 'sony_bravia_tv.jpg'),
(4, 'Kamera DSLR Nikon D850', 'Kamera DSLR Nikon D850 dengan resolusi 45 MP dan lensa kit.', 2499, 'nikon_d850.jpg'),
(5, 'Smartwatch Apple Watch Series 7', 'Smartwatch Apple Watch Series 7 dengan layar Retina Always-On dan deteksi detak jantung.', 399, 'apple_watch_series_7.jpg'),
(6, 'Drone DJI Mavic Air 2', 'Drone DJI Mavic Air 2 dengan kamera 48 MP dan 4K video.', 799, 'dji_mavic_air_2.jpg'),
(7, 'Headphone Bose QuietComfort 45', 'Headphone Bose QuietComfort 45 dengan noise-cancelling dan suara berkualitas tinggi.', 349, 'bose_quietcomfort_45.jpg'),
(8, 'Laptop HP Envy x360', 'Laptop HP Envy x360 dengan layar sentuh 2-in-1 dan AMD Ryzen 7.', 999, 'hp_envy_x360.jpg'),
(9, 'Tablet iPad Pro 12.9-inch', 'Tablet iPad Pro 12.9-inch dengan layar Liquid Retina dan chip M1.', 1099, 'ipad_pro_12_9.jpg'),
(10, 'Kulkas Samsung French Door', 'Kulkas Samsung French Door dengan kapasitas 26 kaki kubik dan teknologi pendinginan cepat.', 1999, 'samsung_french_door_fridge.jpg'),
(11, 'Kamera Mirrorless Sony A7 III', 'Kamera Mirrorless Sony A7 III dengan sensor full-frame dan 4K video.', 1799, 'sony_a7_iii.jpg'),
(12, 'Smartphone Google Pixel 6', 'Smartphone Google Pixel 6 dengan kamera 50 MP dan Android 12.', 699, 'google_pixel_6.jpg'),
(13, 'Monitor LG UltraWide 34-inch', 'Monitor LG UltraWide 34-inch dengan resolusi 3440x1440 dan HDR10.', 549, 'lg_ultrawide_monitor.jpg'),
(14, 'Laptop Asus ROG Zephyrus', 'Laptop Asus ROG Zephyrus dengan layar 15.6 inci dan NVIDIA GeForce RTX 3080.', 1899, 'asus_rog_zephyrus.jpg'),
(15, 'Soundbar Sonos Arc', 'Soundbar Sonos Arc dengan suara Dolby Atmos dan dukungan voice assistant.', 799, 'sonos_arc.jpg'),
(16, 'Smart TV LG OLED 65-inch', 'Smart TV LG OLED 65-inch dengan resolusi 4K dan Procesor α7 Gen 4.', 1699, 'lg_oled_tv.jpg'),
(17, 'Laptop Lenovo ThinkPad X1 Carbon', 'Laptop Lenovo ThinkPad X1 Carbon dengan layar 14 inci dan Intel Core i9.', 1499, 'lenovo_thinkpad_x1.jpg'),
(18, 'Tablet Samsung Galaxy Tab S7', 'Tablet Samsung Galaxy Tab S7 dengan S Pen dan layar Super AMOLED.', 649, 'samsung_tab_s7.jpg'),
(19, 'Kamera Canon EOS 5D Mark IV', 'Kamera Canon EOS 5D Mark IV dengan sensor full-frame dan 4K video.', 2499, 'canon_eos_5d_mark_iv.jpg'),
(20, 'Smartwatch Garmin Fenix 6', 'Smartwatch Garmin Fenix 6 dengan GPS dan sensor denyut jantung.', 499, 'garmin_fenix_6.jpg'),
(21, 'Speaker Bluetooth JBL Charge 5', 'Speaker Bluetooth JBL Charge 5 dengan daya tahan baterai 20 jam dan tahan air.', 149, 'jbl_charge_5.jpg'),
(22, 'Laptop Microsoft Surface Laptop 4', 'Laptop Microsoft Surface Laptop 4 dengan layar PixelSense dan AMD Ryzen.', 1299, 'microsoft_surface_laptop_4.jpg'),
(23, 'Headphone Sony WH-1000XM4', 'Headphone Sony WH-1000XM4 dengan noise-cancelling adaptif dan suara Hi-Res.', 349, 'sony_wh_1000xm4.jpg'),
(24, 'Kulkas LG Side-by-Side', 'Kulkas LG Side-by-Side dengan dispenser air dan es serta tampilan layar sentuh.', 1999, 'lg_side_by_side_fridge.jpg'),
(25, 'Kamera Fujifilm X-T4', 'Kamera Fujifilm X-T4 dengan sensor APS-C dan perekaman video 4K.', 1599, 'fujifilm_x_t4.jpg'),
(26, 'Smartphone OnePlus 9 Pro', 'Smartphone OnePlus 9 Pro dengan kamera Hasselblad dan OxygenOS.', 799, 'oneplus_9_pro.jpg'),
(27, 'Monitor Dell UltraSharp 27-inch', 'Monitor Dell UltraSharp 27-inch dengan resolusi 4K UHD dan warna akurat.', 499, 'dell_ultrasharp_monitor.jpg'),
(28, 'Laptop Acer Predator Helios', 'Laptop Acer Predator Helios dengan layar 15.6 inci dan NVIDIA GeForce RTX 3060.', 1299, 'acer_predator_helios.jpg'),
(29, 'Soundbar Bose SoundTouch 300', 'Soundbar Bose SoundTouch 300 dengan teknologi Adaptiq dan konektivitas Bluetooth.', 499, 'bose_soundtouch_300.jpg'),
(30, 'Smart TV Sony LED 55-inch', 'Smart TV Sony LED 55-inch dengan resolusi Full HD dan Prosesor X1.', 649, 'sony_led_tv.jpg');

--
-- Indexes for dumped tables
--

--
-- Indeks untuk tabel `pembeli`
--
ALTER TABLE `pembeli`
  ADD PRIMARY KEY (`id_pembeli`);

--
-- Indeks untuk tabel `pembelian`
--
ALTER TABLE `pembelian`
  ADD PRIMARY KEY (`id_pembelian`),
  ADD KEY `pembeli_id` (`pembeli_id`),
  ADD KEY `produk_id` (`produk_id`),
  ADD KEY `fk_penjual` (`penjual_id`);

--
-- Indeks untuk tabel `penilaian`
--
ALTER TABLE `penilaian`
  ADD PRIMARY KEY (`id_penilaian`),
  ADD KEY `pembelian_id` (`pembelian_id`);

--
-- Indeks untuk tabel `penjual`
--
ALTER TABLE `penjual`
  ADD PRIMARY KEY (`id_penjual`);

--
-- Indeks untuk tabel `produk`
--
ALTER TABLE `produk`
  ADD PRIMARY KEY (`id_produk`);

--
-- AUTO_INCREMENT untuk tabel yang dibuang
--

--
-- AUTO_INCREMENT untuk tabel `pembeli`
--
ALTER TABLE `pembeli`
  MODIFY `id_pembeli` int(11) NOT NULL AUTO_INCREMENT, AUTO_INCREMENT=84;

--
-- AUTO_INCREMENT untuk tabel `pembelian`
--
ALTER TABLE `pembelian`
  MODIFY `id_pembelian` int(11) NOT NULL AUTO_INCREMENT, AUTO_INCREMENT=584;

--
-- AUTO_INCREMENT untuk tabel `penilaian`
--
ALTER TABLE `penilaian`
  MODIFY `id_penilaian` int(11) NOT NULL AUTO_INCREMENT, AUTO_INCREMENT=386;

--
-- AUTO_INCREMENT untuk tabel `penjual`
--
ALTER TABLE `penjual`
  MODIFY `id_penjual` int(11) NOT NULL AUTO_INCREMENT, AUTO_INCREMENT=31;

--
-- AUTO_INCREMENT untuk tabel `produk`
--
ALTER TABLE `produk`
  MODIFY `id_produk` int(11) NOT NULL AUTO_INCREMENT, AUTO_INCREMENT=31;

--
-- Ketidakleluasaan untuk tabel pelimpahan (Dumped Tables)
--

--
-- Ketidakleluasaan untuk tabel `pembelian`
--
ALTER TABLE `pembelian`
  ADD CONSTRAINT `fk_penjual` FOREIGN KEY (`penjual_id`) REFERENCES `penjual` (`id_penjual`),
  ADD CONSTRAINT `pembelian_ibfk_1` FOREIGN KEY (`pembeli_id`) REFERENCES `pembeli` (`id_pembeli`),
  ADD CONSTRAINT `pembelian_ibfk_2` FOREIGN KEY (`produk_id`) REFERENCES `produk` (`id_produk`);

--
-- Ketidakleluasaan untuk tabel `penilaian`
--
ALTER TABLE `penilaian`
  ADD CONSTRAINT `penilaian_ibfk_1` FOREIGN KEY (`pembelian_id`) REFERENCES `pembelian` (`id_pembelian`);
COMMIT;

/*!40101 SET CHARACTER_SET_CLIENT=@OLD_CHARACTER_SET_CLIENT */;
/*!40101 SET CHARACTER_SET_RESULTS=@OLD_CHARACTER_SET_RESULTS */;
/*!40101 SET COLLATION_CONNECTION=@OLD_COLLATION_CONNECTION */;
